{"cameraMode":{"drawMode":0,"name":"Shaded","section":"Shading Mode"},"sceneLighting":true,"audioPlay":false,"sceneViewState":{"showFog":true,"showMaterialUpdate":false,"showSkybox":true,"showFlares":true,"showImageEffects":true,"showParticleSystems":true},"in2DMode":false,"pivot":{"x":-0.027413854375481607,"y":-3.3784292696736887e-8,"z":-0.082780621945858},"rotation":{"x":0.17968036234378816,"y":-0.570939838886261,"z":0.12977327406406403,"w":0.7905084490776062},"size":5.967337131500244,"orthographic":false}